action	min_reward	mean_reward	max_reward
0	0.000000	0.571040	2.988922
1	0.000000	0.552435	3.761461
2	0.000000	0.188430	0.986928
