strategy	regret
uniform	133.73833333333334
just-0	0.0
just-1	18.604999999999983
just-2	382.61
actual	76.67592747659722
