strategy	regret
uniform	133.738333
just-0	0.000000
just-1	18.605000
just-2	382.610000
actual	76.675927
